Arabia,Arabia
Arabia,Israel
Arabia,Turkey
Israel,Arabia
Israel,Israel
Israel,Turkey
Israel,Egypt
Turkey,Arabia
Turkey,Israel
Turkey,Turkey
Turkey,Iran
Turkey,Poland
Turkey,Russia
Turkey,Egypt
India,India
India,Malaysia
India,Iran
India,China
India,Sumatra
Malaysia,India
Malaysia,Malaysia
Malaysia,China
Malaysia,Borneo
Iran,Turkey
Iran,India
Iran,Iran
Iran,Gobi
Iran,China
Iran,Mongolia
Iran,Aral
Iran,Russia
Gobi,Iran
Gobi,Gobi
Gobi,China
Gobi,Mongolia
China,India
China,Malaysia
China,Iran
China,Gobi
China,China
China,Mongolia
China,Siberia
China,Kamchatka
China,Japan
Mongolia,Iran
Mongolia,Gobi
Mongolia,China
Mongolia,Mongolia
Mongolia,Siberia
Mongolia,Aral
Siberia,China
Siberia,Mongolia
Siberia,Siberia
Siberia,Aral
Siberia,Tartary
Siberia,Taymir
Siberia,Kamchatka
Aral,Iran
Aral,Mongolia
Aral,Siberia
Aral,Aral
Aral,Tartary
Aral,Russia
Tartary,Siberia
Tartary,Aral
Tartary,Tartary
Tartary,Taymir
Taymir,Siberia
Taymir,Tartary
Taymir,Taymir
Kamchatka,China
Kamchatka,Siberia
Kamchatka,Kamchatka
Kamchatka,Japan
Kamchatka,Alaska
Japan,China
Japan,Kamchatka
Japan,Japan
Australia,Australia
Australia,Borneo
Australia,Java
Australia,Sumatra
Australia,Chile
Borneo,Malaysia
Borneo,Australia
Borneo,Borneo
Java,Australia
Java,Java
Sumatra,India
Sumatra,Australia
Sumatra,Sumatra
Spain,Spain
Spain,France
Spain,Great Britain
Spain,Sahara
France,Spain
France,France
France,Germany
France,Italy
Germany,France
Germany,Germany
Germany,Italy
Germany,Poland
Germany,Great Britain
Italy,France
Italy,Germany
Italy,Italy
Poland,Turkey
Poland,Germany
Poland,Poland
Poland,Russia
Poland,Egypt
Russia,Turkey
Russia,Iran
Russia,Aral
Russia,Poland
Russia,Russia
Russia,Sweden
Sweden,Russia
Sweden,Sweden
Sweden,Iceland
Great Britain,Spain
Great Britain,Germany
Great Britain,Great Britain
Great Britain,Iceland
Iceland,Sweden
Iceland,Great Britain
Iceland,Iceland
Iceland,Greenland
Mexico,Mexico
Mexico,California
Mexico,Colombia
California,Mexico
California,California
California,Oregon
California,New York
Oregon,California
Oregon,Oregon
Oregon,New York
Oregon,Alaska
Oregon,Yukon
Oregon,Canada
New York,California
New York,Oregon
New York,New York
New York,Canada
New York,Terranova
New York,Greenland
Alaska,Kamchatka
Alaska,Oregon
Alaska,Alaska
Alaska,Yukon
Yukon,Oregon
Yukon,Alaska
Yukon,Yukon
Yukon,Canada
Canada,Oregon
Canada,New York
Canada,Yukon
Canada,Canada
Canada,Terranova
Terranova,New York
Terranova,Canada
Terranova,Terranova
Terranova,Labrador
Labrador,Terranova
Labrador,Labrador
Labrador,Greenland
Greenland,Iceland
Greenland,New York
Greenland,Labrador
Greenland,Greenland
Sahara,Spain
Sahara,Sahara
Sahara,Zaire
Sahara,Ethiopia
Sahara,Egypt
Sahara,Brazil
Zaire,Sahara
Zaire,Zaire
Zaire,Ethiopia
Zaire,Madagascar
Zaire,South Africa
Ethiopia,Sahara
Ethiopia,Zaire
Ethiopia,Ethiopia
Ethiopia,Egypt
Ethiopia,South Africa
Egypt,Israel
Egypt,Turkey
Egypt,Poland
Egypt,Sahara
Egypt,Ethiopia
Egypt,Egypt
Egypt,Madagascar
Madagascar,Zaire
Madagascar,Egypt
Madagascar,Madagascar
South Africa,Zaire
South Africa,Ethiopia
South Africa,South Africa
Argentina,Argentina
Argentina,Brazil
Argentina,Chile
Argentina,Peru
Argentina,Uruguay
Brazil,Sahara
Brazil,Argentina
Brazil,Brazil
Brazil,Colombia
Brazil,Peru
Brazil,Uruguay
Chile,Australia
Chile,Argentina
Chile,Chile
Chile,Peru
Colombia,Mexico
Colombia,Brazil
Colombia,Colombia
Colombia,Peru
Peru,Argentina
Peru,Brazil
Peru,Chile
Peru,Colombia
Peru,Peru
Uruguay,Argentina
Uruguay,Brazil
Uruguay,Uruguay